Model,Accuracy,ROC-AUC
Logistic Regression,0.9603960396039604,0.9871722316544047
Random Forest,0.9851485148514851,1.0
